STATE/UT,CRIME HEAD,CASES REGISTERED - 2010,CASES CHARGESHEETED - 2010,CASES CONVICTED - 2010,PERSONS ARRESTED - 2010,PERSONS CHARGESHEETED - 2010,PERSONS CONVICTED - 2010,CASES REGISTERED - 2011,CASES CHARGESHEETED - 2011,CASES CONVICTED - 2011,PERSONS ARRESTED - 2011,PERSONS CHARGESHEETED - 2011,PERSONS CONVICTED - 2011,CASES REGISTERED - 2012,CASES CHARGESHEETED - 2012,CASES CONVICTED - 2012,PERSONS ARRESTED - 2012,PERSONS CHARGESHEETED - 2012,PERSONS CONVICTED - 2012
ANDHRA PRADESH,INFANTICIDE,6,8,1,6,7,2,0,1,1,1,1,1,8,1,0,6,1,0
ARUNACHAL PRADESH,INFANTICIDE,0,0,0,0,0,0,0,0,0,0,0,0,0,0,0,0,0,0
ASSAM,INFANTICIDE,0,0,0,0,0,0,0,0,0,0,0,0,0,0,0,0,0,0
BIHAR,INFANTICIDE,2,2,0,2,2,0,3,3,1,5,5,2,1,1,1,2,2,1
CHHATTISGARH,INFANTICIDE,1,0,2,0,0,1,8,8,1,10,10,1,8,4,2,5,5,2
GOA,INFANTICIDE,1,0,0,1,0,0,0,1,0,0,1,0,0,0,0,0,0,0
GUJARAT,INFANTICIDE,0,0,0,0,0,0,0,0,0,0,0,0,0,0,0,0,0,0
HARYANA,INFANTICIDE,7,0,1,0,0,1,0,0,0,0,0,0,0,0,0,0,0,0
HIMACHAL PRADESH,INFANTICIDE,1,0,0,0,0,0,0,0,0,0,0,0,0,1,0,0,2,0
JAMMU & KASHMIR,INFANTICIDE,0,0,0,0,0,0,0,0,0,0,0,0,0,0,0,0,0,0
JHARKHAND,INFANTICIDE,3,2,0,2,2,0,1,0,0,0,0,0,0,0,0,0,0,0
KARNATAKA,INFANTICIDE,2,2,0,1,1,0,8,3,0,1,1,0,3,1,0,1,1,0
KERALA,INFANTICIDE,1,1,0,1,1,0,1,1,0,1,1,0,0,0,1,0,0,1
MADHYA PRADESH,INFANTICIDE,20,2,4,8,8,6,13,6,1,12,12,2,17,8,0,13,13,0
MAHARASHTRA,INFANTICIDE,3,0,0,0,0,0,3,0,0,9,0,0,11,6,1,12,17,3
MANIPUR,INFANTICIDE,0,0,0,0,0,0,0,0,0,0,0,0,0,0,0,0,0,0
MEGHALAYA,INFANTICIDE,0,0,0,0,0,0,0,0,0,0,0,0,0,0,0,0,0,0
MIZORAM,INFANTICIDE,0,0,0,0,0,0,0,0,0,0,0,0,0,0,0,0,0,0
NAGALAND,INFANTICIDE,0,0,0,0,0,0,0,0,0,0,0,0,0,0,0,0,0,0
ODISHA,INFANTICIDE,0,0,0,0,0,0,0,0,0,0,0,0,0,0,0,0,0,0
PUNJAB,INFANTICIDE,8,0,0,0,0,0,1,2,1,4,4,1,6,1,0,1,1,0
RAJASTHAN,INFANTICIDE,7,5,1,8,8,1,3,0,0,0,0,0,3,1,1,3,3,2
SIKKIM,INFANTICIDE,0,0,0,0,0,0,1,0,0,0,0,0,1,2,1,1,2,2
TAMIL NADU,INFANTICIDE,7,0,0,0,0,0,7,0,0,2,0,0,6,0,0,1,0,0
TRIPURA,INFANTICIDE,0,1,0,0,1,0,0,0,0,0,0,0,0,0,0,0,0,0
UTTAR PRADESH,INFANTICIDE,31,22,24,53,37,34,13,10,25,22,19,42,14,13,7,19,19,10
UTTARAKHAND,INFANTICIDE,0,0,0,0,0,0,0,0,0,0,0,0,0,0,0,0,0,0
WEST BENGAL,INFANTICIDE,0,0,0,0,0,0,0,0,0,0,0,0,1,1,0,1,1,0
TOTAL (STATES),INFANTICIDE,100,45,33,82,67,45,62,35,30,67,54,49,79,40,14,65,67,21
A & N ISLANDS,INFANTICIDE,0,0,0,0,0,0,0,0,0,0,0,0,0,0,0,0,0,0
CHANDIGARH,INFANTICIDE,0,0,0,0,0,0,0,0,0,0,0,0,0,0,0,0,0,0
D & N HAVELI,INFANTICIDE,0,0,0,0,0,0,0,0,0,0,0,0,0,0,0,0,0,0
DAMAN & DIU,INFANTICIDE,0,0,0,0,0,0,0,0,0,0,0,0,0,0,0,0,0,0
DELHI,INFANTICIDE,0,0,1,0,0,1,1,0,0,0,0,0,2,2,0,3,3,0
LAKSHADWEEP,INFANTICIDE,0,0,0,0,0,0,0,0,0,0,0,0,0,0,0,0,0,0
PUDUCHERRY,INFANTICIDE,0,0,0,0,0,0,0,0,0,0,0,0,0,0,0,0,0,0
TOTAL (UTs),INFANTICIDE,0,0,1,0,0,1,1,0,0,0,0,0,2,2,0,3,3,0
TOTAL (ALL-INDIA),INFANTICIDE,100,45,34,82,67,46,63,35,30,67,54,49,81,42,14,68,70,21
ANDHRA PRADESH,MURDER,63,52,16,66,82,16,101,75,9,119,90,12,105,92,8,140,140,12
ARUNACHAL PRADESH,MURDER,0,0,0,0,0,0,0,0,0,0,0,0,0,0,0,0,0,0
ASSAM,MURDER,10,8,2,6,4,2,8,7,1,10,10,1,15,8,0,15,7,0
BIHAR,MURDER,200,122,12,323,257,12,124,152,26,269,331,52,128,130,34,220,255,50
CHHATTISGARH,MURDER,51,42,11,68,68,9,59,53,18,69,68,31,61,53,25,74,75,25
GOA,MURDER,1,3,0,3,11,0,2,1,0,0,1,0,3,2,0,2,2,0
GUJARAT,MURDER,66,44,3,73,64,4,69,46,3,77,88,4,60,33,1,52,55,1
HARYANA,MURDER,22,16,7,18,18,9,14,15,4,15,15,5,40,33,4,58,56,7
HIMACHAL PRADESH,MURDER,5,5,1,8,8,1,5,2,0,9,11,0,9,8,0,9,9,0
JAMMU & KASHMIR,MURDER,1,1,0,1,1,0,4,3,0,8,8,0,0,0,0,0,0,0
JHARKHAND,MURDER,1,1,0,2,2,0,5,3,0,7,3,0,1,0,0,1,0,0
KARNATAKA,MURDER,43,38,4,46,43,4,52,36,6,43,42,5,54,45,6,65,67,4
KERALA,MURDER,41,48,8,44,57,8,47,42,4,41,40,2,34,33,4,29,34,7
MADHYA PRADESH,MURDER,124,107,51,176,171,73,123,99,41,193,190,71,123,117,30,191,199,62
MAHARASHTRA,MURDER,211,149,11,251,227,12,204,154,10,248,262,18,201,150,14,255,222,18
MANIPUR,MURDER,2,0,0,0,0,0,3,0,0,1,0,0,4,0,0,0,0,0
MEGHALAYA,MURDER,2,1,1,2,1,1,8,1,0,3,1,0,0,1,0,1,1,0
MIZORAM,MURDER,1,1,0,1,1,0,0,0,0,0,0,0,1,1,1,1,1,1
NAGALAND,MURDER,0,0,0,0,0,0,5,0,1,5,0,1,1,5,5,0,5,5
ODISHA,MURDER,9,9,3,15,15,3,18,15,3,18,17,3,25,14,4,25,22,7
PUNJAB,MURDER,37,42,17,53,64,20,41,33,24,66,51,30,42,26,15,43,45,18
RAJASTHAN,MURDER,75,37,11,48,47,26,78,37,25,48,53,20,52,31,19,35,29,25
SIKKIM,MURDER,3,4,0,13,14,0,1,3,3,3,3,3,0,0,1,0,0,5
TAMIL NADU,MURDER,73,56,36,90,73,46,108,70,21,128,84,23,89,69,23,118,123,31
TRIPURA,MURDER,2,5,4,2,4,5,9,12,2,21,15,2,2,5,2,3,6,2
UTTAR PRADESH,MURDER,315,257,239,590,510,436,326,297,223,669,602,432,449,409,140,927,887,263
UTTARAKHAND,MURDER,3,4,4,3,3,5,9,7,3,7,7,3,11,7,9,8,8,14
WEST BENGAL,MURDER,16,7,1,32,9,1,46,12,0,16,14,0,45,27,1,37,29,1
TOTAL (STATES),MURDER,1377,1059,442,1934,1754,693,1469,1175,427,2093,2006,718,1555,1299,346,2309,2277,558
A & N ISLANDS,MURDER,1,0,0,2,0,0,1,1,0,1,2,0,1,1,0,1,1,0
CHANDIGARH,MURDER,1,0,0,0,0,0,3,4,0,6,6,0,1,0,2,0,0,3
D & N HAVELI,MURDER,0,0,0,0,0,0,2,0,1,1,0,1,1,0,0,0,0,0
DAMAN & DIU,MURDER,0,0,1,0,0,2,0,0,1,0,0,1,0,0,0,0,0,0
DELHI,MURDER,29,16,12,45,48,28,39,34,14,61,46,23,39,44,17,43,54,19
LAKSHADWEEP,MURDER,0,0,0,0,0,0,0,0,0,0,0,0,0,0,0,0,0,0
PUDUCHERRY,MURDER,0,0,0,0,0,0,0,0,0,0,0,0,0,0,0,0,0,0
TOTAL (UTs),MURDER,31,16,13,47,48,30,45,39,16,69,54,25,42,45,19,44,55,22
TOTAL (ALL-INDIA),MURDER,1408,1075,455,1981,1802,723,1514,1214,443,2162,2060,743,1597,1344,365,2353,2332,580
ANDHRA PRADESH,RAPE,446,453,25,559,564,30,646,468,37,720,561,55,613,624,46,604,705,56
ARUNACHAL PRADESH,RAPE,12,15,0,14,13,0,20,19,2,20,19,2,18,11,1,18,10,1
ASSAM,RAPE,39,19,1,24,13,4,40,28,1,40,24,1,156,93,0,155,93,0
BIHAR,RAPE,114,75,5,112,98,2,91,84,10,93,99,12,137,113,17,148,141,17
CHHATTISGARH,RAPE,382,361,103,426,430,89,477,446,63,555,552,78,519,524,96,531,540,78
GOA,RAPE,23,33,2,35,51,2,20,24,4,21,29,4,38,23,1,49,29,1
GUJARAT,RAPE,102,100,5,137,141,6,130,121,5,166,164,5,150,143,12,210,201,13
HARYANA,RAPE,107,93,24,121,117,27,66,62,27,73,78,28,276,245,15,379,379,15
HIMACHAL PRADESH,RAPE,72,76,8,107,115,11,72,70,11,83,81,8,89,73,16,129,118,23
JAMMU & KASHMIR,RAPE,8,5,0,5,5,0,9,7,0,8,8,0,13,13,1,21,21,1
JHARKHAND,RAPE,0,4,0,0,15,0,16,14,1,16,14,2,6,2,0,4,2,0
KARNATAKA,RAPE,108,98,14,104,112,9,97,96,13,147,147,16,142,130,17,178,156,19
KERALA,RAPE,208,276,18,240,323,18,423,265,16,570,281,14,455,387,22,604,476,25
MADHYA PRADESH,RAPE,1182,1168,228,1410,1390,291,1262,1248,245,1524,1520,324,1632,1638,232,1970,1983,279
MAHARASHTRA,RAPE,747,614,40,936,873,55,818,720,48,1053,971,61,917,825,43,1257,1212,47
MANIPUR,RAPE,11,1,0,6,1,0,19,0,0,5,0,0,17,1,0,7,1,0
MEGHALAYA,RAPE,91,36,2,64,47,1,66,32,0,48,21,0,81,20,2,84,25,2
MIZORAM,RAPE,42,39,20,42,39,30,40,36,18,41,37,18,73,64,29,74,64,27
NAGALAND,RAPE,3,2,1,3,2,1,15,0,1,15,0,1,7,14,10,8,24,24
ODISHA,RAPE,74,80,7,91,92,7,165,150,11,150,150,13,192,174,7,242,232,11
PUNJAB,RAPE,144,124,47,184,167,59,166,148,40,172,182,52,295,190,54,282,234,68
RAJASTHAN,RAPE,369,219,46,277,282,63,394,272,61,328,326,68,572,408,111,491,488,142
SIKKIM,RAPE,14,39,0,11,39,0,11,12,12,12,12,12,21,30,10,19,12,30
TAMIL NADU,RAPE,203,177,30,208,188,31,271,175,22,263,192,26,292,242,33,333,285,44
TRIPURA,RAPE,107,95,12,93,96,10,45,85,14,144,96,18,17,36,2,12,45,12
UTTAR PRADESH,RAPE,451,390,266,678,598,404,1088,934,405,1573,1328,548,1040,930,250,1581,1349,333
UTTARAKHAND,RAPE,10,10,8,11,11,30,23,21,7,25,25,5,34,31,15,33,30,13
WEST BENGAL,RAPE,73,57,4,94,69,5,252,108,7,182,115,6,285,186,8,178,138,8
TOTAL (STATES),RAPE,5142,4659,916,5992,5891,1185,6742,5645,1081,8047,7032,1377,8087,7170,1050,9601,8993,1289
A & N ISLANDS,RAPE,15,8,0,23,8,0,9,19,0,15,43,0,10,5,1,17,8,1
CHANDIGARH,RAPE,16,21,6,27,26,8,15,11,7,17,22,8,17,21,7,18,18,8
D & N HAVELI,RAPE,3,3,2,1,1,2,1,1,0,1,1,0,1,1,1,1,1,2
DAMAN & DIU,RAPE,1,1,0,1,1,0,0,0,0,0,0,0,4,4,1,9,9,1
DELHI,RAPE,304,277,92,349,419,172,339,322,108,402,349,127,415,368,97,516,507,145
LAKSHADWEEP,RAPE,0,0,0,0,0,0,0,0,0,0,0,0,0,0,0,0,0,0
PUDUCHERRY,RAPE,3,2,1,5,2,1,6,4,0,17,16,0,7,10,1,9,13,1
TOTAL (UTs),RAPE,342,312,101,406,457,183,370,357,115,452,431,135,454,409,108,570,556,158
TOTAL (ALL-INDIA),RAPE,5484,4971,1017,6398,6348,1368,7112,6002,1196,8499,7463,1512,8541,7579,1158,10171,9549,1447
ANDHRA PRADESH,KIDNAPPING and ABDUCTION,581,480,35,589,645,47,735,487,27,744,666,45,781,620,26,826,831,44
ARUNACHAL PRADESH,KIDNAPPING and ABDUCTION,5,8,0,6,6,0,15,11,0,14,12,0,20,14,1,20,14,1
ASSAM,KIDNAPPING and ABDUCTION,17,2,0,11,4,0,29,19,0,30,13,0,68,22,0,68,22,0
BIHAR,KIDNAPPING and ABDUCTION,1359,631,11,1839,1260,25,1821,734,55,2027,1387,90,2546,1100,27,1870,1983,46
CHHATTISGARH,KIDNAPPING and ABDUCTION,186,160,17,200,196,22,283,166,20,209,212,24,276,256,32,244,242,37
GOA,KIDNAPPING and ABDUCTION,14,10,1,12,18,2,17,12,0,16,13,0,15,11,0,13,11,0
GUJARAT,KIDNAPPING and ABDUCTION,565,414,9,607,554,16,605,501,8,721,744,24,834,674,17,938,931,26
HARYANA,KIDNAPPING and ABDUCTION,123,90,23,116,120,31,144,108,20,83,86,23,535,277,10,505,493,8
HIMACHAL PRADESH,KIDNAPPING and ABDUCTION,86,38,1,72,71,5,108,61,2,66,56,4,97,55,3,85,69,6
JAMMU & KASHMIR,KIDNAPPING and ABDUCTION,5,2,1,3,3,1,5,3,0,11,11,0,23,13,0,18,18,0
JHARKHAND,KIDNAPPING and ABDUCTION,6,6,0,1,13,0,18,17,0,19,18,0,32,27,1,29,29,1
KARNATAKA,KIDNAPPING and ABDUCTION,125,70,4,167,155,6,109,43,0,85,84,0,471,128,2,211,157,2
KERALA,KIDNAPPING and ABDUCTION,111,100,4,109,136,5,129,92,3,114,96,2,147,123,2,163,161,5
MADHYA PRADESH,KIDNAPPING and ABDUCTION,440,364,80,527,505,101,517,429,96,585,601,154,630,594,67,735,742,108
MAHARASHTRA,KIDNAPPING and ABDUCTION,749,470,7,844,702,11,858,609,11,973,890,12,893,704,7,1068,1047,8
MANIPUR,KIDNAPPING and ABDUCTION,60,0,0,33,0,0,65,0,0,43,0,0,61,1,0,26,1,0
MEGHALAYA,KIDNAPPING and ABDUCTION,16,11,0,10,7,0,16,3,0,6,4,0,9,5,0,5,5,0
MIZORAM,KIDNAPPING and ABDUCTION,0,0,1,0,0,1,3,2,0,3,2,0,1,2,3,1,2,3
NAGALAND,KIDNAPPING and ABDUCTION,7,5,4,7,5,4,0,2,3,0,2,3,5,4,1,4,4,4
ODISHA,KIDNAPPING and ABDUCTION,51,35,1,39,40,1,85,67,1,63,67,1,96,92,0,87,83,0
PUNJAB,KIDNAPPING and ABDUCTION,373,176,31,424,303,55,349,169,35,390,284,61,459,182,26,356,275,39
RAJASTHAN,KIDNAPPING and ABDUCTION,706,254,40,382,370,81,785,308,42,437,437,61,847,391,107,518,492,126
SIKKIM,KIDNAPPING and ABDUCTION,5,10,0,8,10,0,7,5,0,6,6,0,6,18,6,8,7,9
TAMIL NADU,KIDNAPPING and ABDUCTION,459,216,15,343,290,22,519,221,34,479,292,42,576,234,12,560,396,18
TRIPURA,KIDNAPPING and ABDUCTION,22,11,1,37,28,1,28,21,0,39,29,0,0,3,1,7,8,2
UTTAR PRADESH,KIDNAPPING and ABDUCTION,1225,898,649,1937,1570,1093,3739,2373,853,5760,3945,1299,4239,2914,507,8394,5427,949
UTTARAKHAND,KIDNAPPING and ABDUCTION,9,9,4,18,18,6,39,34,7,35,35,13,53,34,9,51,49,15
WEST BENGAL,KIDNAPPING and ABDUCTION,332,221,8,377,231,8,660,375,9,544,456,10,767,500,3,558,355,5
TOTAL (STATES),KIDNAPPING and ABDUCTION,7637,4691,947,8718,7260,1544,11688,6872,1226,13502,10448,1868,14487,8998,870,17368,13854,1462
A & N ISLANDS,KIDNAPPING and ABDUCTION,9,7,0,13,7,0,11,15,0,10,15,0,8,4,0,7,7,0
CHANDIGARH,KIDNAPPING and ABDUCTION,23,20,5,17,18,5,40,22,10,30,21,13,59,24,5,21,18,8
D & N HAVELI,KIDNAPPING and ABDUCTION,10,4,0,11,7,0,8,6,0,3,6,0,6,8,2,13,14,2
DAMAN & DIU,KIDNAPPING and ABDUCTION,1,0,0,0,0,0,2,0,0,0,0,0,2,2,0,0,3,0
DELHI,KIDNAPPING and ABDUCTION,2982,342,62,318,359,77,3528,379,113,439,551,119,3686,330,143,438,372,148
LAKSHADWEEP,KIDNAPPING and ABDUCTION,0,0,0,0,0,0,0,0,0,0,0,0,0,0,0,0,0,0
PUDUCHERRY,KIDNAPPING and ABDUCTION,8,9,1,8,12,1,7,8,0,10,10,0,18,12,5,16,13,5
TOTAL (UTs),KIDNAPPING and ABDUCTION,3033,382,68,367,403,83,3596,430,123,492,603,132,3779,380,155,495,427,163
TOTAL (ALL-INDIA),KIDNAPPING and ABDUCTION,10670,5073,1015,9085,7663,1627,15284,7302,1349,13994,11051,2000,18266,9378,1025,17863,14281,1625
ANDHRA PRADESH,FOETICIDE,1,1,0,0,1,0,7,5,0,6,4,0,1,1,0,0,2,0
ARUNACHAL PRADESH,FOETICIDE,0,0,0,0,0,0,0,0,0,0,0,0,0,0,0,0,0,0
ASSAM,FOETICIDE,0,0,0,0,0,0,0,0,0,0,0,0,0,0,0,0,0,0
BIHAR,FOETICIDE,0,0,1,0,0,1,1,2,0,3,2,0,1,1,0,1,6,0
CHHATTISGARH,FOETICIDE,9,9,2,9,9,2,21,5,1,8,8,1,5,5,3,1,1,3
GOA,FOETICIDE,0,0,0,0,0,0,0,0,0,0,0,0,0,0,0,0,0,0
GUJARAT,FOETICIDE,10,0,0,0,0,0,0,0,1,0,0,0,7,0,0,0,0,0
HARYANA,FOETICIDE,2,1,0,1,1,0,5,0,0,0,0,0,28,1,0,2,2,0
HIMACHAL PRADESH,FOETICIDE,0,0,0,0,0,0,0,0,0,0,0,0,0,0,0,0,0,0
JAMMU & KASHMIR,FOETICIDE,1,1,0,5,5,0,1,0,0,0,0,0,0,0,0,0,0,0
JHARKHAND,FOETICIDE,0,0,0,0,0,0,1,1,0,1,1,0,0,0,0,0,0,0
KARNATAKA,FOETICIDE,4,0,0,0,0,0,1,0,0,0,0,0,3,0,0,0,0,0
KERALA,FOETICIDE,0,0,0,0,0,0,0,0,0,0,0,0,1,1,0,1,1,0
MADHYA PRADESH,FOETICIDE,18,4,1,7,7,4,38,4,3,8,8,7,64,12,0,12,12,0
MAHARASHTRA,FOETICIDE,5,4,0,10,7,0,12,4,0,13,7,0,22,10,1,29,17,2
MANIPUR,FOETICIDE,0,0,0,0,0,0,0,0,0,0,0,0,0,0,0,0,0,0
MEGHALAYA,FOETICIDE,0,0,0,0,0,0,0,0,0,0,0,0,0,0,0,0,0,0
MIZORAM,FOETICIDE,0,0,0,0,0,0,0,0,0,0,0,0,0,0,0,0,0,0
NAGALAND,FOETICIDE,0,0,0,0,0,0,0,0,0,0,0,0,0,0,0,0,0,0
ODISHA,FOETICIDE,0,0,0,0,0,0,0,0,0,0,0,0,0,0,0,0,0,0
PUNJAB,FOETICIDE,15,2,0,1,4,0,15,1,1,0,5,2,25,2,0,0,5,0
RAJASTHAN,FOETICIDE,18,5,0,8,8,0,13,1,0,1,1,0,37,5,0,9,9,0
SIKKIM,FOETICIDE,0,0,0,0,0,0,0,0,0,0,0,0,2,2,0,2,2,0
TAMIL NADU,FOETICIDE,0,0,0,0,0,0,0,0,0,0,0,0,0,0,0,0,0,0
TRIPURA,FOETICIDE,0,0,0,0,0,0,0,0,0,0,0,0,0,0,0,0,0,0
UTTAR PRADESH,FOETICIDE,18,5,1,15,8,2,12,5,1,23,13,1,11,7,1,25,11,3
UTTARAKHAND,FOETICIDE,0,0,0,0,0,0,0,0,0,0,0,0,0,0,0,0,0,0
WEST BENGAL,FOETICIDE,0,1,0,0,1,0,0,0,0,0,0,0,0,0,0,0,0,0
TOTAL (STATES),FOETICIDE,101,33,5,56,51,9,127,28,7,63,49,11,207,47,5,82,68,8
A & N ISLANDS,FOETICIDE,3,1,0,1,1,0,0,1,0,0,2,0,1,0,0,0,0,0
CHANDIGARH,FOETICIDE,0,0,0,0,0,0,0,0,0,0,0,0,0,0,0,0,0,0
D & N HAVELI,FOETICIDE,0,0,0,0,0,0,0,0,0,0,0,0,0,0,0,0,0,0
DAMAN & DIU,FOETICIDE,0,0,0,0,0,0,0,0,0,0,0,0,0,0,0,0,0,0
DELHI,FOETICIDE,7,0,0,3,0,0,5,1,0,7,7,0,2,1,0,1,1,0
LAKSHADWEEP,FOETICIDE,0,0,0,0,0,0,0,0,0,0,0,0,0,0,0,0,0,0
PUDUCHERRY,FOETICIDE,0,0,0,0,0,0,0,0,0,0,0,0,0,0,0,0,0,0
TOTAL (UTs),FOETICIDE,10,1,0,4,1,0,5,2,0,7,9,0,3,1,0,1,1,0
TOTAL (ALL-INDIA),FOETICIDE,111,34,5,60,52,9,132,30,7,70,58,11,210,48,5,83,69,8
ANDHRA PRADESH,ABETMENT OF SUICIDE OF CHILDREN,9,6,0,10,8,0,11,12,0,18,21,0,21,14,1,23,16,2
ARUNACHAL PRADESH,ABETMENT OF SUICIDE OF CHILDREN,0,0,0,0,0,0,0,0,0,0,0,0,0,0,0,0,0,0
ASSAM,ABETMENT OF SUICIDE OF CHILDREN,0,0,0,0,0,0,0,0,0,0,0,0,0,0,0,0,0,0
BIHAR,ABETMENT OF SUICIDE OF CHILDREN,0,0,0,0,0,0,0,0,0,0,0,0,0,0,0,0,0,0
CHHATTISGARH,ABETMENT OF SUICIDE OF CHILDREN,1,2,2,1,1,1,5,5,1,21,21,1,10,9,3,8,8,5
GOA,ABETMENT OF SUICIDE OF CHILDREN,1,0,0,0,0,0,2,0,0,0,0,0,1,0,0,1,0,0
GUJARAT,ABETMENT OF SUICIDE OF CHILDREN,10,1,0,1,1,0,1,1,0,6,6,0,1,1,0,1,1,0
HARYANA,ABETMENT OF SUICIDE OF CHILDREN,0,0,0,0,0,0,4,0,0,0,0,0,3,1,0,3,3,0
HIMACHAL PRADESH,ABETMENT OF SUICIDE OF CHILDREN,1,0,0,0,0,0,1,0,0,3,0,0,0,1,0,0,3,0
JAMMU & KASHMIR,ABETMENT OF SUICIDE OF CHILDREN,0,0,0,0,0,0,0,0,0,0,0,0,0,0,0,0,0,0
JHARKHAND,ABETMENT OF SUICIDE OF CHILDREN,0,0,0,0,0,0,0,0,0,0,0,0,0,0,0,0,0,0
KARNATAKA,ABETMENT OF SUICIDE OF CHILDREN,0,0,0,0,0,0,0,0,0,0,0,0,0,0,0,0,0,0
KERALA,ABETMENT OF SUICIDE OF CHILDREN,3,3,0,3,3,0,2,0,0,1,0,0,3,2,0,2,1,0
MADHYA PRADESH,ABETMENT OF SUICIDE OF CHILDREN,7,7,2,16,16,4,12,12,1,10,10,2,19,18,1,36,36,1
MAHARASHTRA,ABETMENT OF SUICIDE OF CHILDREN,16,9,0,27,19,0,12,14,0,26,28,0,13,10,1,28,28,5
MANIPUR,ABETMENT OF SUICIDE OF CHILDREN,0,0,0,0,0,0,0,0,0,0,0,0,0,0,0,0,0,0
MEGHALAYA,ABETMENT OF SUICIDE OF CHILDREN,0,0,0,0,0,0,0,0,0,0,0,0,0,0,0,0,0,0
MIZORAM,ABETMENT OF SUICIDE OF CHILDREN,0,0,0,0,0,0,0,0,0,0,0,0,0,0,0,0,0,0
NAGALAND,ABETMENT OF SUICIDE OF CHILDREN,0,0,0,0,0,0,0,0,0,0,0,0,0,0,0,0,0,0
ODISHA,ABETMENT OF SUICIDE OF CHILDREN,0,0,0,0,0,0,1,0,0,0,0,0,0,1,0,1,1,0
PUNJAB,ABETMENT OF SUICIDE OF CHILDREN,2,1,0,1,1,0,0,0,2,0,0,2,2,2,0,1,3,0
RAJASTHAN,ABETMENT OF SUICIDE OF CHILDREN,2,1,1,1,1,1,0,0,0,0,0,0,6,0,0,0,0,0
SIKKIM,ABETMENT OF SUICIDE OF CHILDREN,0,0,0,0,0,0,0,0,0,0,0,0,0,0,0,0,0,0
TAMIL NADU,ABETMENT OF SUICIDE OF CHILDREN,1,0,0,2,0,0,2,1,0,2,1,0,1,0,0,2,0,0
TRIPURA,ABETMENT OF SUICIDE OF CHILDREN,0,0,0,0,0,0,0,0,0,0,0,0,0,0,0,0,0,0
UTTAR PRADESH,ABETMENT OF SUICIDE OF CHILDREN,0,0,1,0,0,2,5,5,0,14,14,0,57,38,0,163,96,0
UTTARAKHAND,ABETMENT OF SUICIDE OF CHILDREN,0,0,0,0,0,0,0,0,0,0,0,0,0,0,0,0,0,0
WEST BENGAL,ABETMENT OF SUICIDE OF CHILDREN,3,2,0,3,2,0,3,3,0,12,12,0,7,8,0,8,8,0
TOTAL (STATES),ABETMENT OF SUICIDE OF CHILDREN,56,32,6,65,52,8,61,53,4,113,113,5,144,105,6,277,204,13
A & N ISLANDS,ABETMENT OF SUICIDE OF CHILDREN,0,0,0,0,0,0,0,0,0,0,0,0,0,0,0,0,0,0
CHANDIGARH,ABETMENT OF SUICIDE OF CHILDREN,0,1,0,0,1,0,0,0,1,0,0,1,0,0,0,0,0,0
D & N HAVELI,ABETMENT OF SUICIDE OF CHILDREN,0,0,0,0,0,0,0,0,0,0,0,0,0,0,0,0,0,0
DAMAN & DIU,ABETMENT OF SUICIDE OF CHILDREN,0,0,0,0,0,0,0,0,0,0,0,0,0,0,0,0,0,0
DELHI,ABETMENT OF SUICIDE OF CHILDREN,0,0,0,0,0,0,0,0,0,0,0,0,0,0,0,0,0,0
LAKSHADWEEP,ABETMENT OF SUICIDE OF CHILDREN,0,0,0,0,0,0,0,0,0,0,0,0,0,0,0,0,0,0
PUDUCHERRY,ABETMENT OF SUICIDE OF CHILDREN,0,0,0,0,0,0,0,0,0,0,0,0,0,0,0,0,0,0
TOTAL (UTs),ABETMENT OF SUICIDE OF CHILDREN,0,1,0,0,1,0,0,0,1,0,0,1,0,0,0,0,0,0
TOTAL (ALL-INDIA),ABETMENT OF SUICIDE OF CHILDREN,56,33,6,65,53,8,61,53,5,113,113,6,144,105,6,277,204,13
ANDHRA PRADESH,EXPOSURE AND ABANDONMENT OF CHILDREN,55,11,13,6,16,13,89,10,3,15,15,5,49,4,0,8,5,0
ARUNACHAL PRADESH,EXPOSURE AND ABANDONMENT OF CHILDREN,0,0,0,0,0,0,105,13,4,14,12,4,0,0,0,0,0,0
ASSAM,EXPOSURE AND ABANDONMENT OF CHILDREN,0,0,0,0,0,0,68,7,2,7,7,3,0,0,0,0,0,0
BIHAR,EXPOSURE AND ABANDONMENT OF CHILDREN,0,0,0,0,0,0,189,17,2,32,21,3,0,0,0,0,0,0
CHHATTISGARH,EXPOSURE AND ABANDONMENT OF CHILDREN,6,3,1,1,1,3,7,3,1,27,26,2,9,5,1,6,7,1
GOA,EXPOSURE AND ABANDONMENT OF CHILDREN,4,0,0,0,0,0,98,1,1,1,1,1,4,0,0,0,0,0
GUJARAT,EXPOSURE AND ABANDONMENT OF CHILDREN,121,13,0,15,15,0,1,0,0,0,0,0,79,7,0,15,11,0
HARYANA,EXPOSURE AND ABANDONMENT OF CHILDREN,24,1,0,0,1,0,8,0,0,0,0,0,15,4,0,3,5,0
HIMACHAL PRADESH,EXPOSURE AND ABANDONMENT OF CHILDREN,4,0,0,0,0,0,15,3,0,2,2,0,3,0,0,0,0,0
JAMMU & KASHMIR,EXPOSURE AND ABANDONMENT OF CHILDREN,0,0,0,0,0,0,4,1,0,2,2,0,1,0,0,0,0,0
JHARKHAND,EXPOSURE AND ABANDONMENT OF CHILDREN,0,0,0,0,0,0,1,1,0,1,1,0,0,0,0,0,0,0
KARNATAKA,EXPOSURE AND ABANDONMENT OF CHILDREN,30,3,0,1,1,0,0,0,0,0,0,0,41,2,1,1,1,1
KERALA,EXPOSURE AND ABANDONMENT OF CHILDREN,9,4,0,5,5,0,0,0,0,0,0,0,4,3,0,5,6,0
MADHYA PRADESH,EXPOSURE AND ABANDONMENT OF CHILDREN,93,7,3,9,9,5,7,1,0,0,1,0,134,12,1,14,10,1
MAHARASHTRA,EXPOSURE AND ABANDONMENT OF CHILDREN,198,23,3,51,53,4,1,1,0,2,2,0,199,39,1,66,64,1
MANIPUR,EXPOSURE AND ABANDONMENT OF CHILDREN,0,0,0,0,0,0,0,0,0,0,0,0,0,0,0,0,0,0
MEGHALAYA,EXPOSURE AND ABANDONMENT OF CHILDREN,0,0,0,0,0,0,0,0,0,0,0,0,0,0,0,0,0,0
MIZORAM,EXPOSURE AND ABANDONMENT OF CHILDREN,0,0,0,0,0,0,53,10,0,25,11,0,1,1,1,1,1,1
NAGALAND,EXPOSURE AND ABANDONMENT OF CHILDREN,0,0,0,0,0,0,1,0,0,0,0,0,0,0,0,0,0,0
ODISHA,EXPOSURE AND ABANDONMENT OF CHILDREN,0,0,0,0,0,0,1,0,0,0,0,0,0,0,0,0,0,0
PUNJAB,EXPOSURE AND ABANDONMENT OF CHILDREN,11,0,0,0,0,0,0,0,0,0,0,0,15,0,0,0,0,0
RAJASTHAN,EXPOSURE AND ABANDONMENT OF CHILDREN,119,2,3,2,2,1,0,0,0,0,0,0,172,13,3,17,17,4
SIKKIM,EXPOSURE AND ABANDONMENT OF CHILDREN,0,0,0,0,0,0,0,0,0,0,0,0,0,0,0,0,0,0
TAMIL NADU,EXPOSURE AND ABANDONMENT OF CHILDREN,0,0,0,0,0,0,2,0,0,1,0,0,4,1,0,1,1,0
TRIPURA,EXPOSURE AND ABANDONMENT OF CHILDREN,0,0,0,0,0,0,0,0,0,0,0,0,0,0,0,0,0,0
UTTAR PRADESH,EXPOSURE AND ABANDONMENT OF CHILDREN,0,0,0,0,0,0,21,1,0,3,3,0,2,1,0,2,2,0
UTTARAKHAND,EXPOSURE AND ABANDONMENT OF CHILDREN,0,0,0,0,0,0,0,0,0,0,0,0,0,0,0,0,0,0
WEST BENGAL,EXPOSURE AND ABANDONMENT OF CHILDREN,0,0,0,0,0,0,2,1,0,2,2,0,8,8,0,8,8,0
TOTAL (STATES),EXPOSURE AND ABANDONMENT OF CHILDREN,674,67,23,90,103,26,673,70,13,134,106,18,740,100,8,147,138,9
A & N ISLANDS,EXPOSURE AND ABANDONMENT OF CHILDREN,0,0,0,0,0,0,0,0,0,0,0,0,0,0,0,0,0,0
CHANDIGARH,EXPOSURE AND ABANDONMENT OF CHILDREN,6,1,0,6,1,0,0,0,0,0,0,0,10,0,0,0,0,0
D & N HAVELI,EXPOSURE AND ABANDONMENT OF CHILDREN,0,0,0,0,0,0,0,0,0,0,0,0,0,0,0,0,0,0
DAMAN & DIU,EXPOSURE AND ABANDONMENT OF CHILDREN,0,0,0,0,0,0,0,0,0,0,0,0,0,0,0,0,0,0
DELHI,EXPOSURE AND ABANDONMENT OF CHILDREN,45,1,0,1,1,0,1,0,0,0,0,0,68,9,0,11,10,0
LAKSHADWEEP,EXPOSURE AND ABANDONMENT OF CHILDREN,0,0,0,0,0,0,4,3,0,1,2,0,0,0,0,0,0,0
PUDUCHERRY,EXPOSURE AND ABANDONMENT OF CHILDREN,0,0,0,0,0,0,22,0,0,0,0,0,3,0,0,0,0,0
TOTAL (UTs),EXPOSURE AND ABANDONMENT OF CHILDREN,51,2,0,7,2,0,27,3,0,1,2,0,81,9,0,11,10,0
TOTAL (ALL-INDIA),EXPOSURE AND ABANDONMENT OF CHILDREN,725,69,23,97,105,26,700,73,13,135,108,18,821,109,8,158,148,9
ANDHRA PRADESH,PROCURATION OF MINOR GIRLS,82,57,3,111,92,1,183,263,13,434,461,20,30,36,7,37,45,7
ARUNACHAL PRADESH,PROCURATION OF MINOR GIRLS,0,0,0,0,0,0,5,27,4,23,29,19,0,0,0,0,0,0
ASSAM,PROCURATION OF MINOR GIRLS,75,18,0,75,18,0,106,84,8,97,118,9,122,98,1,122,98,1
BIHAR,PROCURATION OF MINOR GIRLS,152,49,6,101,71,8,298,126,18,133,106,6,48,26,9,38,38,13
CHHATTISGARH,PROCURATION OF MINOR GIRLS,11,11,6,23,23,7,20,17,4,27,27,6,13,15,4,18,18,2
GOA,PROCURATION OF MINOR GIRLS,1,0,0,6,0,0,0,0,3,0,0,3,0,0,0,0,0,0
GUJARAT,PROCURATION OF MINOR GIRLS,0,0,0,0,0,0,8,14,2,8,15,2,19,10,2,26,25,3
HARYANA,PROCURATION OF MINOR GIRLS,0,0,0,0,0,0,3,1,1,1,1,1,0,0,0,0,0,0
HIMACHAL PRADESH,PROCURATION OF MINOR GIRLS,3,3,0,2,3,0,142,51,1,142,51,1,3,3,0,4,3,0
JAMMU & KASHMIR,PROCURATION OF MINOR GIRLS,0,0,0,0,0,0,15,13,0,17,17,0,0,0,0,0,0,0
JHARKHAND,PROCURATION OF MINOR GIRLS,21,24,0,21,21,0,0,0,0,0,0,0,16,16,0,16,16,0
KARNATAKA,PROCURATION OF MINOR GIRLS,21,8,1,20,9,1,4,3,0,3,3,0,45,14,0,18,18,0
KERALA,PROCURATION OF MINOR GIRLS,6,13,0,10,15,0,0,0,0,1,0,0,10,9,0,11,13,0
MADHYA PRADESH,PROCURATION OF MINOR GIRLS,18,12,1,26,26,5,3,0,0,5,0,0,21,20,2,23,23,8
MAHARASHTRA,PROCURATION OF MINOR GIRLS,26,20,0,33,37,0,0,0,0,0,0,0,31,23,0,60,60,0
MANIPUR,PROCURATION OF MINOR GIRLS,0,0,0,0,0,0,0,0,0,0,0,0,17,0,0,0,0,0
MEGHALAYA,PROCURATION OF MINOR GIRLS,0,0,0,0,0,0,0,0,0,0,0,0,0,0,0,0,0,0
MIZORAM,PROCURATION OF MINOR GIRLS,0,0,0,0,0,0,0,0,0,0,0,0,0,0,0,0,0,0
NAGALAND,PROCURATION OF MINOR GIRLS,0,0,0,0,0,0,0,0,0,0,0,0,0,0,0,0,0,0
ODISHA,PROCURATION OF MINOR GIRLS,4,4,0,8,8,0,0,0,0,0,0,0,5,9,0,11,14,0
PUNJAB,PROCURATION OF MINOR GIRLS,0,3,0,0,3,0,0,0,0,0,0,0,0,0,0,0,0,0
RAJASTHAN,PROCURATION OF MINOR GIRLS,14,10,0,13,13,0,0,0,0,0,0,0,20,13,0,15,15,0
SIKKIM,PROCURATION OF MINOR GIRLS,0,0,0,0,0,0,0,0,0,0,0,0,0,0,0,0,0,0
TAMIL NADU,PROCURATION OF MINOR GIRLS,13,1,1,0,1,1,0,0,0,0,0,0,28,0,0,41,0,0
TRIPURA,PROCURATION OF MINOR GIRLS,32,16,0,18,17,0,19,11,0,14,14,0,0,0,0,0,0,0
UTTAR PRADESH,PROCURATION OF MINOR GIRLS,0,0,0,0,0,0,9,8,0,7,7,0,2,2,0,4,4,0
UTTARAKHAND,PROCURATION OF MINOR GIRLS,0,0,4,0,0,10,12,3,0,8,5,0,7,3,0,4,3,0
WEST BENGAL,PROCURATION OF MINOR GIRLS,200,88,2,217,94,2,15,3,0,12,56,0,369,238,0,227,238,0
TOTAL (STATES),PROCURATION OF MINOR GIRLS,679,337,24,684,451,35,842,624,54,932,910,67,806,535,25,675,631,34
A & N ISLANDS,PROCURATION OF MINOR GIRLS,0,0,0,0,0,0,0,0,0,0,0,0,0,0,0,0,0,0
CHANDIGARH,PROCURATION OF MINOR GIRLS,0,0,0,0,0,0,0,0,0,0,0,0,0,0,0,0,0,0
D & N HAVELI,PROCURATION OF MINOR GIRLS,0,0,0,0,0,0,0,0,0,0,0,0,0,0,0,0,0,0
DAMAN & DIU,PROCURATION OF MINOR GIRLS,0,0,0,0,0,0,20,28,0,50,40,0,0,0,0,0,0,0
DELHI,PROCURATION OF MINOR GIRLS,0,1,0,0,1,0,0,0,0,0,0,0,3,0,0,1,0,0
LAKSHADWEEP,PROCURATION OF MINOR GIRLS,0,0,0,0,0,0,0,0,0,0,0,0,0,0,0,0,0,0
PUDUCHERRY,PROCURATION OF MINOR GIRLS,0,0,0,0,0,0,0,0,0,0,0,0,0,0,0,0,0,0
TOTAL (UTs),PROCURATION OF MINOR GIRLS,0,1,0,0,1,0,20,28,0,50,40,0,3,0,0,1,0,0
TOTAL (ALL-INDIA),PROCURATION OF MINOR GIRLS,679,338,24,684,452,35,862,652,54,982,950,67,809,535,25,676,631,34
ANDHRA PRADESH,BUYING OF GIRLS FOR PROSTITUTION,0,1,0,0,1,0,0,0,0,0,0,0,0,0,0,0,0,0
ARUNACHAL PRADESH,BUYING OF GIRLS FOR PROSTITUTION,0,0,0,0,0,0,0,0,0,0,0,0,0,0,0,0,0,0
ASSAM,BUYING OF GIRLS FOR PROSTITUTION,0,0,0,0,0,0,0,0,0,0,0,0,0,0,0,0,0,0
BIHAR,BUYING OF GIRLS FOR PROSTITUTION,0,0,0,0,0,0,1,0,0,2,0,0,2,2,1,4,4,1
CHHATTISGARH,BUYING OF GIRLS FOR PROSTITUTION,0,0,0,0,0,0,0,0,0,0,0,0,0,0,0,0,0,0
GOA,BUYING OF GIRLS FOR PROSTITUTION,0,0,0,0,0,0,0,0,0,0,0,0,0,0,0,0,0,0
GUJARAT,BUYING OF GIRLS FOR PROSTITUTION,0,0,0,0,0,0,0,0,0,0,0,0,0,0,0,0,0,0
HARYANA,BUYING OF GIRLS FOR PROSTITUTION,0,0,0,0,0,0,2,2,0,5,5,0,0,0,0,0,0,0
HIMACHAL PRADESH,BUYING OF GIRLS FOR PROSTITUTION,0,0,0,0,0,0,0,0,0,0,0,0,0,0,0,0,0,0
JAMMU & KASHMIR,BUYING OF GIRLS FOR PROSTITUTION,0,0,0,0,0,0,0,0,0,0,0,0,0,0,0,0,0,0
JHARKHAND,BUYING OF GIRLS FOR PROSTITUTION,3,3,0,3,3,0,1,1,0,1,1,0,5,5,0,5,5,0
KARNATAKA,BUYING OF GIRLS FOR PROSTITUTION,0,0,0,0,0,0,0,0,0,0,0,0,0,0,0,0,0,0
KERALA,BUYING OF GIRLS FOR PROSTITUTION,0,0,0,0,0,0,0,0,0,0,0,0,0,0,0,0,0,0
MADHYA PRADESH,BUYING OF GIRLS FOR PROSTITUTION,0,0,0,0,0,0,2,2,0,5,5,0,0,0,0,0,0,0
MAHARASHTRA,BUYING OF GIRLS FOR PROSTITUTION,27,31,4,43,47,7,20,19,1,43,41,1,4,2,0,11,5,0
MANIPUR,BUYING OF GIRLS FOR PROSTITUTION,0,0,0,0,0,0,0,0,0,0,0,0,0,0,0,0,0,0
MEGHALAYA,BUYING OF GIRLS FOR PROSTITUTION,0,0,0,0,0,0,0,0,0,0,0,0,0,0,0,0,0,0
MIZORAM,BUYING OF GIRLS FOR PROSTITUTION,0,0,0,0,0,0,0,0,0,0,0,0,0,0,0,0,0,0
NAGALAND,BUYING OF GIRLS FOR PROSTITUTION,0,0,0,0,0,0,0,0,0,0,0,0,0,0,0,0,0,0
ODISHA,BUYING OF GIRLS FOR PROSTITUTION,0,0,0,0,0,0,0,0,0,0,0,0,0,0,0,0,0,0
PUNJAB,BUYING OF GIRLS FOR PROSTITUTION,0,0,0,0,0,0,0,0,0,0,0,0,0,0,0,0,0,0
RAJASTHAN,BUYING OF GIRLS FOR PROSTITUTION,0,0,0,0,0,0,0,0,0,0,0,0,0,0,0,0,0,0
SIKKIM,BUYING OF GIRLS FOR PROSTITUTION,0,0,0,0,0,0,0,0,0,0,0,0,0,0,0,0,0,0
TAMIL NADU,BUYING OF GIRLS FOR PROSTITUTION,0,0,0,0,0,0,0,0,0,0,0,0,0,0,0,0,0,0
TRIPURA,BUYING OF GIRLS FOR PROSTITUTION,0,0,0,0,0,0,0,0,0,0,0,0,0,0,0,0,0,0
UTTAR PRADESH,BUYING OF GIRLS FOR PROSTITUTION,0,0,0,0,0,0,1,1,0,4,4,0,0,0,0,0,0,0
UTTARAKHAND,BUYING OF GIRLS FOR PROSTITUTION,0,0,0,0,0,0,0,0,0,0,0,0,0,0,0,0,0,0
WEST BENGAL,BUYING OF GIRLS FOR PROSTITUTION,48,12,0,51,13,0,0,0,0,0,0,0,3,3,0,4,4,0
TOTAL (STATES),BUYING OF GIRLS FOR PROSTITUTION,78,47,4,97,64,7,27,25,1,60,56,1,14,12,1,24,18,1
A & N ISLANDS,BUYING OF GIRLS FOR PROSTITUTION,0,0,0,0,0,0,0,0,0,0,0,0,0,0,0,0,0,0
CHANDIGARH,BUYING OF GIRLS FOR PROSTITUTION,0,0,0,0,0,0,0,0,0,0,0,0,0,0,0,0,0,0
D & N HAVELI,BUYING OF GIRLS FOR PROSTITUTION,0,0,0,0,0,0,0,0,0,0,0,0,0,0,0,0,0,0
DAMAN & DIU,BUYING OF GIRLS FOR PROSTITUTION,0,0,0,0,0,0,0,0,0,0,0,0,0,0,0,0,0,0
DELHI,BUYING OF GIRLS FOR PROSTITUTION,0,0,0,0,0,0,0,1,1,0,1,1,1,0,0,1,0,0
LAKSHADWEEP,BUYING OF GIRLS FOR PROSTITUTION,0,0,0,0,0,0,0,0,0,0,0,0,0,0,0,0,0,0
PUDUCHERRY,BUYING OF GIRLS FOR PROSTITUTION,0,0,0,0,0,0,0,0,0,0,0,0,0,0,0,0,0,0
TOTAL (UTs),BUYING OF GIRLS FOR PROSTITUTION,0,0,0,0,0,0,0,1,1,0,1,1,1,0,0,1,0,0
TOTAL (ALL-INDIA),BUYING OF GIRLS FOR PROSTITUTION,78,47,4,97,64,7,27,26,2,60,57,2,15,12,1,25,18,1
ANDHRA PRADESH,SELLING OF GIRLS FOR PROSTITUTION,3,5,0,6,9,0,2,1,0,4,2,0,4,5,0,8,10,0
ARUNACHAL PRADESH,SELLING OF GIRLS FOR PROSTITUTION,0,0,0,0,0,0,0,0,0,0,0,0,0,0,0,0,0,0
ASSAM,SELLING OF GIRLS FOR PROSTITUTION,3,0,0,3,0,0,0,1,0,0,1,0,0,0,0,0,0,0
BIHAR,SELLING OF GIRLS FOR PROSTITUTION,0,0,0,0,0,0,1,1,0,2,2,0,10,4,1,12,7,1
CHHATTISGARH,SELLING OF GIRLS FOR PROSTITUTION,0,0,0,0,0,0,1,1,0,1,1,0,0,0,0,0,0,0
GOA,SELLING OF GIRLS FOR PROSTITUTION,0,0,0,0,0,0,0,0,0,0,0,0,0,0,0,0,0,0
GUJARAT,SELLING OF GIRLS FOR PROSTITUTION,0,0,0,0,0,0,0,0,0,0,0,0,0,0,0,0,0,0
HARYANA,SELLING OF GIRLS FOR PROSTITUTION,0,0,0,0,0,0,2,0,0,0,0,0,0,0,0,0,0,0
HIMACHAL PRADESH,SELLING OF GIRLS FOR PROSTITUTION,0,0,0,0,0,0,0,0,0,0,0,0,0,0,0,0,0,0
JAMMU & KASHMIR,SELLING OF GIRLS FOR PROSTITUTION,0,0,0,0,0,0,0,0,0,0,0,0,0,0,0,0,0,0
JHARKHAND,SELLING OF GIRLS FOR PROSTITUTION,1,1,0,1,1,0,6,6,0,5,5,0,7,7,0,7,7,0
KARNATAKA,SELLING OF GIRLS FOR PROSTITUTION,0,0,0,0,0,0,1,0,0,0,0,0,0,0,0,0,0,0
KERALA,SELLING OF GIRLS FOR PROSTITUTION,0,0,0,0,0,0,0,0,0,0,0,0,0,0,0,0,0,0
MADHYA PRADESH,SELLING OF GIRLS FOR PROSTITUTION,2,2,0,8,8,0,3,3,2,15,15,11,5,7,1,20,20,3
MAHARASHTRA,SELLING OF GIRLS FOR PROSTITUTION,1,1,0,13,13,0,2,2,0,9,9,0,2,1,0,8,3,0
MANIPUR,SELLING OF GIRLS FOR PROSTITUTION,0,0,0,0,0,0,0,0,0,0,0,0,0,0,0,0,0,0
MEGHALAYA,SELLING OF GIRLS FOR PROSTITUTION,0,0,0,0,0,0,0,0,0,0,0,0,0,0,0,0,0,0
MIZORAM,SELLING OF GIRLS FOR PROSTITUTION,0,0,0,0,0,0,0,0,0,0,0,0,1,0,0,0,0,0
NAGALAND,SELLING OF GIRLS FOR PROSTITUTION,0,0,0,0,0,0,0,0,0,0,0,0,0,0,0,0,0,0
ODISHA,SELLING OF GIRLS FOR PROSTITUTION,0,0,0,0,0,0,0,0,0,0,0,0,0,0,0,0,0,0
PUNJAB,SELLING OF GIRLS FOR PROSTITUTION,1,1,0,3,3,0,0,0,0,0,0,0,0,0,0,0,0,0
RAJASTHAN,SELLING OF GIRLS FOR PROSTITUTION,0,0,0,0,0,0,2,1,0,5,5,0,1,1,0,7,7,0
SIKKIM,SELLING OF GIRLS FOR PROSTITUTION,0,0,0,0,0,0,0,0,0,0,0,0,0,0,0,0,0,0
TAMIL NADU,SELLING OF GIRLS FOR PROSTITUTION,0,0,0,0,0,0,0,0,0,0,0,0,0,0,0,0,0,0
TRIPURA,SELLING OF GIRLS FOR PROSTITUTION,0,0,0,0,0,0,0,0,0,0,0,0,0,0,0,0,0,0
UTTAR PRADESH,SELLING OF GIRLS FOR PROSTITUTION,0,0,0,0,0,0,4,4,0,15,15,0,18,13,0,30,24,0
UTTARAKHAND,SELLING OF GIRLS FOR PROSTITUTION,0,0,0,0,0,0,0,0,0,0,0,0,0,0,0,0,0,0
WEST BENGAL,SELLING OF GIRLS FOR PROSTITUTION,115,51,2,128,53,2,87,37,1,96,60,3,56,38,1,32,23,1
TOTAL (STATES),SELLING OF GIRLS FOR PROSTITUTION,126,61,2,162,87,2,111,57,3,152,115,14,104,76,3,124,101,5
A & N ISLANDS,SELLING OF GIRLS FOR PROSTITUTION,0,0,0,0,0,0,0,0,0,0,0,0,0,0,0,0,0,0
CHANDIGARH,SELLING OF GIRLS FOR PROSTITUTION,0,0,0,0,0,0,0,0,0,0,0,0,0,0,0,0,0,0
D & N HAVELI,SELLING OF GIRLS FOR PROSTITUTION,0,0,0,0,0,0,0,0,0,0,0,0,0,0,0,0,0,0
DAMAN & DIU,SELLING OF GIRLS FOR PROSTITUTION,0,0,0,0,0,0,0,0,0,0,0,0,0,0,0,0,0,0
DELHI,SELLING OF GIRLS FOR PROSTITUTION,4,3,0,4,3,0,2,1,0,4,2,0,4,0,1,4,0,1
LAKSHADWEEP,SELLING OF GIRLS FOR PROSTITUTION,0,0,0,0,0,0,0,0,0,0,0,0,0,0,0,0,0,0
PUDUCHERRY,SELLING OF GIRLS FOR PROSTITUTION,0,0,0,0,0,0,0,0,0,0,0,0,0,0,0,0,0,0
TOTAL (UTs),SELLING OF GIRLS FOR PROSTITUTION,4,3,0,4,3,0,2,1,0,4,2,0,4,0,1,4,0,1
TOTAL (ALL-INDIA),SELLING OF GIRLS FOR PROSTITUTION,130,64,2,166,90,2,113,58,3,156,117,14,108,76,4,128,101,6
ANDHRA PRADESH,CHILD MARRIAGE RESTRANT ACT,0,3,0,9,3,0,13,12,8,68,71,37,29,17,1,61,68,4
ARUNACHAL PRADESH,CHILD MARRIAGE RESTRANT ACT,0,0,0,0,0,0,3,3,1,2,6,10,0,0,0,0,0,0
ASSAM,CHILD MARRIAGE RESTRANT ACT,0,0,0,0,0,0,5,6,3,16,16,9,0,0,0,0,0,0
BIHAR,CHILD MARRIAGE RESTRANT ACT,8,6,0,12,8,0,19,15,2,110,80,8,16,2,0,17,5,0
CHHATTISGARH,CHILD MARRIAGE RESTRANT ACT,2,1,1,5,1,1,4,3,2,15,10,7,2,2,0,2,2,0
GOA,CHILD MARRIAGE RESTRANT ACT,0,0,0,0,0,0,5,6,2,15,17,5,0,0,0,0,0,0
GUJARAT,CHILD MARRIAGE RESTRANT ACT,14,12,1,65,58,7,0,0,0,0,0,0,14,15,3,72,76,9
HARYANA,CHILD MARRIAGE RESTRANT ACT,0,8,2,0,0,14,6,2,0,3,3,0,11,6,1,9,9,1
HIMACHAL PRADESH,CHILD MARRIAGE RESTRANT ACT,5,3,0,13,13,0,0,0,0,0,0,0,0,0,0,0,0,0
JAMMU & KASHMIR,CHILD MARRIAGE RESTRANT ACT,0,0,0,0,0,0,0,1,0,0,4,0,0,0,0,0,0,0
JHARKHAND,CHILD MARRIAGE RESTRANT ACT,0,0,0,0,0,0,0,0,0,0,0,0,0,0,0,0,0,0
KARNATAKA,CHILD MARRIAGE RESTRANT ACT,8,4,0,3,2,0,0,0,0,0,0,0,20,13,0,57,57,0
KERALA,CHILD MARRIAGE RESTRANT ACT,6,7,0,15,15,0,15,7,0,49,19,0,6,4,0,6,6,0
MADHYA PRADESH,CHILD MARRIAGE RESTRANT ACT,4,3,0,12,10,0,0,0,0,0,0,0,3,3,0,15,15,0
MAHARASHTRA,CHILD MARRIAGE RESTRANT ACT,4,4,0,27,27,0,25,11,0,12,6,0,6,7,0,13,43,0
MANIPUR,CHILD MARRIAGE RESTRANT ACT,0,0,0,0,0,0,0,0,0,0,0,0,0,0,0,0,0,0
MEGHALAYA,CHILD MARRIAGE RESTRANT ACT,0,0,0,0,0,0,0,2,0,0,7,0,1,0,0,0,0,0
MIZORAM,CHILD MARRIAGE RESTRANT ACT,0,0,0,0,0,0,0,0,0,0,0,0,0,0,0,0,0,0
NAGALAND,CHILD MARRIAGE RESTRANT ACT,0,0,0,0,0,0,0,0,0,0,0,0,0,0,0,0,0,0
ODISHA,CHILD MARRIAGE RESTRANT ACT,0,1,1,1,1,2,0,0,0,0,0,0,1,2,0,2,2,0
PUNJAB,CHILD MARRIAGE RESTRANT ACT,0,0,2,0,0,6,0,0,0,0,0,0,0,0,0,0,0,0
RAJASTHAN,CHILD MARRIAGE RESTRANT ACT,2,3,0,15,15,0,12,9,0,16,13,0,10,5,3,31,31,23
SIKKIM,CHILD MARRIAGE RESTRANT ACT,0,0,0,0,0,0,0,0,0,0,0,0,0,0,0,0,0,0
TAMIL NADU,CHILD MARRIAGE RESTRANT ACT,0,0,0,0,0,0,0,0,0,0,0,0,0,0,0,0,0,0
TRIPURA,CHILD MARRIAGE RESTRANT ACT,1,1,0,1,1,0,0,0,0,0,0,0,0,0,0,0,0,0
UTTAR PRADESH,CHILD MARRIAGE RESTRANT ACT,5,4,1,13,11,6,0,0,0,0,0,0,5,3,1,17,9,3
UTTARAKHAND,CHILD MARRIAGE RESTRANT ACT,0,0,0,0,0,0,0,0,0,0,0,0,0,0,0,0,0,0
WEST BENGAL,CHILD MARRIAGE RESTRANT ACT,0,1,0,0,1,0,0,0,0,0,0,0,43,28,0,88,58,0
TOTAL (STATES),CHILD MARRIAGE RESTRANT ACT,59,61,8,191,166,36,107,77,18,306,252,76,167,107,9,390,381,40
A & N ISLANDS,CHILD MARRIAGE RESTRANT ACT,0,0,0,0,0,0,1,0,0,0,0,0,0,0,0,0,0,0
CHANDIGARH,CHILD MARRIAGE RESTRANT ACT,0,1,0,4,8,0,0,0,0,0,0,0,0,0,0,0,0,0
D & N HAVELI,CHILD MARRIAGE RESTRANT ACT,0,0,0,0,0,0,0,0,0,0,0,0,0,0,0,0,0,0
DAMAN & DIU,CHILD MARRIAGE RESTRANT ACT,0,0,0,0,0,0,5,4,0,23,23,0,0,0,0,0,0,0
DELHI,CHILD MARRIAGE RESTRANT ACT,0,0,0,0,0,0,0,0,0,0,0,0,1,0,0,3,0,0
LAKSHADWEEP,CHILD MARRIAGE RESTRANT ACT,0,0,0,0,0,0,0,0,0,0,0,0,0,0,0,0,0,0
PUDUCHERRY,CHILD MARRIAGE RESTRANT ACT,1,1,0,9,9,0,0,0,0,0,0,0,1,0,0,4,0,0
TOTAL (UTs),CHILD MARRIAGE RESTRANT ACT,1,2,0,13,17,0,6,4,0,23,23,0,2,0,0,7,0,0
TOTAL (ALL-INDIA),CHILD MARRIAGE RESTRANT ACT,60,63,8,204,183,36,113,81,18,329,275,76,169,107,9,397,381,40
ANDHRA PRADESH,OTHER CRIMES COMMITTED AGAINST CHILDREN,577,522,62,690,733,98,537,451,128,768,794,153,633,523,53,674,647,89
ARUNACHAL PRADESH,OTHER CRIMES COMMITTED AGAINST CHILDREN,3,3,0,1,1,0,0,0,0,0,0,0,1,0,0,1,0,0
ASSAM,OTHER CRIMES COMMITTED AGAINST CHILDREN,53,35,4,13,12,3,17,4,0,14,4,0,31,16,1,31,16,1
BIHAR,OTHER CRIMES COMMITTED AGAINST CHILDREN,8,15,0,27,24,0,10,9,2,27,19,2,5,7,4,7,25,4
CHHATTISGARH,OTHER CRIMES COMMITTED AGAINST CHILDREN,814,789,187,935,919,169,909,871,186,1068,1073,190,978,947,365,1170,1159,440
GOA,OTHER CRIMES COMMITTED AGAINST CHILDREN,34,34,6,24,39,7,30,19,2,30,21,2,61,30,0,60,45,0
GUJARAT,OTHER CRIMES COMMITTED AGAINST CHILDREN,118,107,8,160,161,18,204,174,15,224,213,37,163,175,28,249,259,42
HARYANA,OTHER CRIMES COMMITTED AGAINST CHILDREN,18,19,10,18,17,9,22,14,5,17,15,4,107,86,5,142,144,6
HIMACHAL PRADESH,OTHER CRIMES COMMITTED AGAINST CHILDREN,69,50,0,67,59,0,63,54,8,64,72,18,65,61,7,58,57,13
JAMMU & KASHMIR,OTHER CRIMES COMMITTED AGAINST CHILDREN,2,3,0,3,3,0,5,2,0,2,2,0,3,3,0,5,5,0
JHARKHAND,OTHER CRIMES COMMITTED AGAINST CHILDREN,19,12,3,16,19,3,22,22,7,33,28,6,46,34,1,51,42,1
KARNATAKA,OTHER CRIMES COMMITTED AGAINST CHILDREN,68,52,0,48,36,0,33,19,1,27,27,1,96,39,2,76,84,1
KERALA,OTHER CRIMES COMMITTED AGAINST CHILDREN,211,237,24,272,284,26,835,606,28,797,648,25,664,596,47,761,740,63
MADHYA PRADESH,OTHER CRIMES COMMITTED AGAINST CHILDREN,3004,2956,1014,3655,3646,1320,2312,2183,693,3189,3184,1047,2520,2588,606,4107,4147,837
MAHARASHTRA,OTHER CRIMES COMMITTED AGAINST CHILDREN,1277,1065,27,1524,1451,41,1208,1029,29,1493,1464,47,1157,987,45,1378,1349,59
MANIPUR,OTHER CRIMES COMMITTED AGAINST CHILDREN,0,0,0,0,0,0,0,0,0,0,0,0,5,0,0,0,0,0
MEGHALAYA,OTHER CRIMES COMMITTED AGAINST CHILDREN,1,3,0,1,1,0,14,4,2,7,7,2,0,0,0,0,0,0
MIZORAM,OTHER CRIMES COMMITTED AGAINST CHILDREN,7,6,1,7,6,1,11,7,8,13,7,8,18,20,6,16,21,7
NAGALAND,OTHER CRIMES COMMITTED AGAINST CHILDREN,0,0,0,0,0,0,0,0,0,0,0,0,0,0,0,0,0,0
ODISHA,OTHER CRIMES COMMITTED AGAINST CHILDREN,56,45,0,64,64,1,32,42,1,48,46,1,99,79,2,121,118,3
PUNJAB,OTHER CRIMES COMMITTED AGAINST CHILDREN,36,27,15,34,35,18,29,26,26,40,37,37,33,17,7,34,33,7
RAJASTHAN,OTHER CRIMES COMMITTED AGAINST CHILDREN,6,6,1,3,3,1,97,40,12,138,138,19,87,81,10,122,122,32
SIKKIM,OTHER CRIMES COMMITTED AGAINST CHILDREN,7,3,0,2,3,0,10,12,6,12,12,6,0,0,0,0,0,0
TAMIL NADU,OTHER CRIMES COMMITTED AGAINST CHILDREN,54,62,34,60,61,29,23,21,15,28,31,12,40,24,6,49,35,11
TRIPURA,OTHER CRIMES COMMITTED AGAINST CHILDREN,63,43,4,65,45,4,15,35,2,26,39,1,1,2,2,0,3,4
UTTAR PRADESH,OTHER CRIMES COMMITTED AGAINST CHILDREN,287,232,275,429,393,548,321,263,224,487,428,410,196,188,140,308,292,211
UTTARAKHAND,OTHER CRIMES COMMITTED AGAINST CHILDREN,9,9,6,13,13,7,12,12,2,10,10,4,17,14,7,22,22,7
WEST BENGAL,OTHER CRIMES COMMITTED AGAINST CHILDREN,93,59,27,107,69,33,78,52,4,69,59,5,122,84,5,118,103,7
TOTAL (STATES),OTHER CRIMES COMMITTED AGAINST CHILDREN,6894,6394,1708,8238,8097,2336,6849,5971,1406,8631,8378,2037,7148,6601,1349,9560,9468,1845
A & N ISLANDS,OTHER CRIMES COMMITTED AGAINST CHILDREN,23,22,0,22,22,0,54,37,0,58,55,0,8,16,0,8,16,0
CHANDIGARH,OTHER CRIMES COMMITTED AGAINST CHILDREN,13,16,2,12,19,2,9,10,4,12,11,4,9,10,3,17,20,4
D & N HAVELI,OTHER CRIMES COMMITTED AGAINST CHILDREN,0,0,0,0,0,0,0,0,0,0,0,0,0,0,0,0,0,0
DAMAN & DIU,OTHER CRIMES COMMITTED AGAINST CHILDREN,0,1,0,3,3,0,0,1,1,0,1,1,2,2,0,0,2,0
DELHI,OTHER CRIMES COMMITTED AGAINST CHILDREN,259,175,31,300,332,31,266,180,118,274,303,151,241,158,60,330,251,77
LAKSHADWEEP,OTHER CRIMES COMMITTED AGAINST CHILDREN,0,0,0,0,0,0,0,0,0,0,0,0,0,0,0,0,0,0
PUDUCHERRY,OTHER CRIMES COMMITTED AGAINST CHILDREN,4,0,0,0,0,0,2,2,1,2,2,1,3,0,0,3,0,0
TOTAL (UTs),OTHER CRIMES COMMITTED AGAINST CHILDREN,299,214,33,337,376,33,331,230,124,346,372,157,263,186,63,358,289,81
TOTAL (ALL-INDIA),OTHER CRIMES COMMITTED AGAINST CHILDREN,7193,6608,1741,8575,8473,2369,7180,6201,1530,8977,8750,2194,7411,6787,1412,9918,9757,1926
ANDHRA PRADESH,TOTAL CRIMES COMMITTED AGAINST CHILDREN,1823,1599,155,2046,2154,205,2213,1600,209,2550,2286,274,2274,1937,142,2387,2470,214
ARUNACHAL PRADESH,TOTAL CRIMES COMMITTED AGAINST CHILDREN,20,26,0,21,20,0,35,30,2,34,31,2,39,25,2,39,24,2
ASSAM,TOTAL CRIMES COMMITTED AGAINST CHILDREN,197,82,7,132,51,9,236,110,3,236,103,3,392,237,2,391,236,2
BIHAR,TOTAL CRIMES COMMITTED AGAINST CHILDREN,1843,900,35,2414,1718,48,2233,1248,106,2859,2310,176,2894,1386,94,2319,2466,133
CHHATTISGARH,TOTAL CRIMES COMMITTED AGAINST CHILDREN,1463,1378,332,1668,1648,303,1782,1569,293,1991,1994,336,1881,1820,531,2059,2057,593
GOA,TOTAL CRIMES COMMITTED AGAINST CHILDREN,79,80,9,80,119,11,75,58,6,70,70,6,122,66,1,125,87,1
GUJARAT,TOTAL CRIMES COMMITTED AGAINST CHILDREN,1006,691,26,1058,994,51,1131,871,44,1279,1301,111,1327,1058,63,1563,1559,94
HARYANA,TOTAL CRIMES COMMITTED AGAINST CHILDREN,303,228,67,274,274,90,280,206,56,198,204,60,1015,653,35,1101,1091,37
HIMACHAL PRADESH,TOTAL CRIMES COMMITTED AGAINST CHILDREN,246,175,10,269,269,17,260,188,22,226,221,31,266,202,26,285,261,42
JAMMU & KASHMIR,TOTAL CRIMES COMMITTED AGAINST CHILDREN,17,12,1,17,17,1,25,15,0,29,29,0,40,29,1,44,44,1
JHARKHAND,TOTAL CRIMES COMMITTED AGAINST CHILDREN,54,53,3,44,74,3,85,68,8,95,127,8,113,91,2,113,101,2
KARNATAKA,TOTAL CRIMES COMMITTED AGAINST CHILDREN,409,275,23,389,358,20,334,218,22,329,331,24,875,372,28,607,541,27
KERALA,TOTAL CRIMES COMMITTED AGAINST CHILDREN,596,689,54,698,838,57,1452,1019,52,1533,1080,53,1324,1158,76,1582,1438,101
MADHYA PRADESH,TOTAL CRIMES COMMITTED AGAINST CHILDREN,4912,4632,1384,5846,5788,1803,4383,4013,1090,5586,5592,1632,5168,5017,940,7136,7200,1299
MAHARASHTRA,TOTAL CRIMES COMMITTED AGAINST CHILDREN,3264,2390,92,3759,3456,130,3362,2611,103,4050,3813,150,3456,2764,113,4185,4067,143
MANIPUR,TOTAL CRIMES COMMITTED AGAINST CHILDREN,73,1,0,39,1,0,87,0,0,49,0,0,104,2,0,33,2,0
MEGHALAYA,TOTAL CRIMES COMMITTED AGAINST CHILDREN,110,51,3,77,56,2,104,40,2,64,33,2,91,26,2,90,31,2
MIZORAM,TOTAL CRIMES COMMITTED AGAINST CHILDREN,50,46,22,50,46,32,54,45,26,57,46,26,95,88,40,93,89,39
NAGALAND,TOTAL CRIMES COMMITTED AGAINST CHILDREN,10,7,5,10,7,5,20,2,5,20,2,5,13,23,16,12,33,33
ODISHA,TOTAL CRIMES COMMITTED AGAINST CHILDREN,194,174,12,218,220,14,315,277,16,287,285,18,418,371,13,489,472,21
PUNJAB,TOTAL CRIMES COMMITTED AGAINST CHILDREN,627,376,112,700,580,158,622,377,131,668,559,187,877,420,102,717,596,132
RAJASTHAN,TOTAL CRIMES COMMITTED AGAINST CHILDREN,1318,542,103,749,741,173,1491,675,141,995,998,169,1807,949,254,1248,1213,354
SIKKIM,TOTAL CRIMES COMMITTED AGAINST CHILDREN,29,56,0,34,66,0,29,32,21,33,33,21,30,52,18,30,23,46
TAMIL NADU,TOTAL CRIMES COMMITTED AGAINST CHILDREN,810,512,116,703,613,129,925,488,92,901,600,103,1036,570,74,1105,840,104
TRIPURA,TOTAL CRIMES COMMITTED AGAINST CHILDREN,227,172,21,216,191,20,102,180,22,253,208,40,20,46,7,22,62,20
UTTAR PRADESH,TOTAL CRIMES COMMITTED AGAINST CHILDREN,2332,1808,1456,3662,3090,2491,5500,3885,1708,8560,6359,2697,6033,4518,1046,11470,8120,1772
UTTARAKHAND,TOTAL CRIMES COMMITTED AGAINST CHILDREN,31,32,26,45,45,58,83,74,19,77,77,25,122,89,40,118,112,49
WEST BENGAL,TOTAL CRIMES COMMITTED AGAINST CHILDREN,880,499,44,1009,542,51,1450,724,39,1064,828,30,1706,1121,18,1259,965,22
TOTAL (STATES),TOTAL CRIMES COMMITTED AGAINST CHILDREN,22923,17486,4118,26227,23976,5881,28668,20623,4238,34093,29520,6189,33538,25090,3686,40622,36200,5285
A & N ISLANDS,TOTAL CRIMES COMMITTED AGAINST CHILDREN,51,38,0,61,38,0,77,74,0,86,119,0,28,26,1,33,32,1
CHANDIGARH,TOTAL CRIMES COMMITTED AGAINST CHILDREN,59,60,13,66,73,15,74,48,22,65,61,26,96,55,17,56,56,23
D & N HAVELI,TOTAL CRIMES COMMITTED AGAINST CHILDREN,13,7,2,12,8,2,11,7,1,5,7,1,8,9,3,14,15,4
DAMAN & DIU,TOTAL CRIMES COMMITTED AGAINST CHILDREN,2,2,1,4,4,2,3,1,2,0,1,2,8,8,1,9,14,1
DELHI,TOTAL CRIMES COMMITTED AGAINST CHILDREN,3630,815,198,1020,1163,308,4250,925,356,1199,1266,424,4462,912,318,1351,1198,390
LAKSHADWEEP,TOTAL CRIMES COMMITTED AGAINST CHILDREN,0,0,0,0,0,0,0,0,0,0,0,0,0,0,0,0,0,0
PUDUCHERRY,TOTAL CRIMES COMMITTED AGAINST CHILDREN,16,12,2,22,23,2,15,14,1,29,28,1,32,22,6,32,26,6
TOTAL (UTs),TOTAL CRIMES COMMITTED AGAINST CHILDREN,3771,934,216,1185,1309,329,4430,1069,382,1384,1482,454,4634,1032,346,1495,1341,425
TOTAL (ALL-INDIA),TOTAL CRIMES COMMITTED AGAINST CHILDREN,26694,18420,4334,27412,25285,6210,33098,21692,4620,35477,31002,6643,38172,26122,4032,42117,37541,5710
